eid,dtidx
event_0,2544
event_0,2563
event_0,2588
event_0,2607
event_0,2627
event_0,2651
event_0,2670
event_0,2690
event_0,2714
event_0,2734
event_0,2758
event_0,2777
event_0,2795
event_0,2814
event_0,2839
event_0,2858
event_0,2882
event_0,2902
event_0,2921
event_0,2946
event_0,2961
event_0,2981
event_0,3005
event_0,3025
event_0,3042
event_0,3066
event_0,3086
event_0,3105
event_0,3129
event_0,3151
event_0,3168
event_0,3193
event_0,3212
event_0,3232
event_0,3257
event_0,3274
event_0,3298
event_0,3317
event_0,3337
event_0,3356
event_0,3381
event_0,3400
event_0,3419
event_0,3444
event_0,3463
event_0,3488
event_0,3508
event_0,3526
event_0,3550
event_0,3568
event_0,3588
event_0,3612
event_0,3632
event_0,3650
event_0,3674
event_0,3694
event_0,3718
event_0,3738
event_0,3757
event_0,3781
event_0,3800
event_0,3820
event_0,3843
event_0,3863
event_0,3883
event_0,3907
event_0,3926
event_0,3946
event_0,3970
event_0,3990
event_0,4010
event_0,4034
event_0,4051
event_0,4070
event_0,4093
event_0,4114
event_0,4134
event_0,4157
event_0,4177
event_0,4201
event_0,4221
event_0,4240
event_0,4264
event_0,4284
event_0,4301
event_0,4320
event_0,4345
event_0,4364
event_0,4387
event_0,4407
event_0,4427
event_0,4452
event_0,4471
event_0,4491
event_0,4515
event_0,4534
event_0,4555
event_0,4576
event_0,4595
event_0,4615
event_0,4639
event_0,4658
event_0,4678
event_0,4703
event_0,4722
event_0,4746
event_0,4765
event_0,4784
event_0,4807
event_0,4826
event_0,4846
event_0,4869
event_0,4889
event_0,4909
event_0,4933
event_0,4953
event_0,4972
event_0,4997
event_0,5016
event_0,5039
event_0,5058
event_0,5077
event_0,5097
event_0,5121
event_0,5141
event_0,5160
event_0,5184
event_0,5204
event_0,5227
event_0,5248
event_0,5267
event_0,5290
event_0,5310
event_0,5329
event_0,5353
event_0,5373
event_0,5393
event_0,5416
event_0,5436
event_0,5456
event_0,5480
event_0,5500
event_0,5519
event_0,5538
event_0,5561
event_0,5580
event_0,5605
event_0,5624
event_0,5644
event_0,5668
event_0,5687
event_0,5712
event_0,5731
event_0,5751
event_0,5773
event_0,5787
event_0,5814
event_0,5833
event_0,5854
event_0,5873
event_0,5897
event_0,5917
event_0,5936
event_0,5961
event_0,5980
event_0,6004
event_0,6024
event_0,6039
event_0,6066
event_0,6085
event_0,6105
event_0,6124
event_0,6148
event_0,6168
event_0,6191
event_0,6212
event_0,6231
event_0,6256
event_0,6275
event_0,6294
event_0,6318
event_0,6336
event_0,6356
event_0,6379
event_0,6399
event_0,6419
event_0,6443
event_0,6463
event_0,6482
event_0,6513
event_0,6526
event_0,6549
event_0,6568
event_0,6587
event_0,6610
event_0,6630
event_0,6651
event_0,6669
event_0,6693
event_0,6714
event_0,6737
event_0,6758
event_0,6777
event_0,6801
event_0,6819
event_0,6838
event_0,6862
event_0,6882
event_0,6902
event_0,6925
event_0,6945
event_0,6969
event_0,6989
event_0,7009
event_0,7032
event_0,7052
event_0,7070
event_0,7089
event_0,7113
event_0,7133
event_0,7153
event_0,7177
event_0,7196
event_0,7220
event_0,7239
event_0,7260
event_0,7283
event_0,7302
event_0,7324
event_0,7343
event_0,7364
event_0,7383
event_0,7407
event_0,7427
event_0,7446
event_0,7471
event_0,7490
event_0,7510
event_0,7534
event_0,7553
event_0,7575
event_0,7595
event_1,3365
event_1,3428
event_1,3496
event_1,3558
event_1,3621
event_1,3682
event_1,3746
event_1,3809
event_1,3872
event_1,3934
event_1,3999
event_1,4060
event_1,4123
event_1,4185
event_1,4251
event_1,4310
event_1,4372
event_1,4755
event_1,4776
event_1,4794
event_1,4817
event_1,4836
event_1,4857
event_1,4875
event_1,4899
event_1,4918
event_1,4943
event_1,4962
event_1,4982
event_1,5006
event_1,5026
event_1,5049
event_1,5068
event_1,5087
event_1,5106
event_1,5131
event_1,5150
event_1,5173
event_1,5194
event_1,5213
event_1,5238
event_1,5257
event_1,5277
event_1,5301
event_1,5320
event_1,5339
event_1,5364
event_1,5383
event_1,5402
event_1,5426
event_1,5446
event_1,5469
event_1,5490
event_1,5510
event_1,5533
event_1,5552
event_1,5571
event_1,5594
event_1,5614
event_1,5634
event_1,5658
event_1,5677
event_1,5697
event_1,5721
event_1,5741
event_1,5759
event_1,5783
event_1,5801
event_1,5825
event_1,5844
event_1,5863
event_1,5883
event_1,5907
event_1,5926
event_1,5946
event_1,5970
event_1,5990
event_1,6015
event_1,6034
event_1,6052
event_1,6076
event_1,6095
event_1,6115
event_1,6134
event_1,6158
event_1,6177
event_1,6202
event_1,6221
event_1,6241
event_1,6265
event_1,6285
event_1,6307
event_1,6327
event_1,6346
event_1,6365
event_1,6390
event_1,6409
event_1,6428
event_1,6453
event_1,6472
event_1,6492
event_1,6516
event_1,6536
event_1,6559
event_1,6578
event_1,6597
event_1,6621
event_1,6641
event_1,6660
event_1,6683
event_1,6704
event_1,6727
event_1,6749
event_1,6768
event_1,6791
event_1,6810
event_1,6829
event_1,6848
event_1,6872
event_1,6892
event_1,6915
event_1,6935
event_1,6955
event_1,6978
event_1,7000
event_1,7019
event_1,7042
event_1,7061
event_1,7080
event_1,7103
event_1,7123
event_1,7143
event_1,7166
event_1,7186
event_1,7206
event_1,7230
event_1,7251
event_1,7269
event_1,7293
event_1,7311
event_1,7330
event_1,7353
event_1,7374
event_1,7393
event_1,7417
event_1,7436
event_1,7456
event_1,7480
event_1,7500
event_1,7520
event_1,7543
event_1,7562
event_1,7586
event_10,4306
event_10,4325
event_10,4347
event_10,4367
event_10,4389
event_10,4410
event_10,4431
event_10,4454
event_10,4473
event_10,4496
event_10,4517
event_10,4537
event_10,4558
event_10,4578
event_10,4598
event_10,4620
event_10,4641
event_10,4662
event_10,4684
event_10,4705
event_10,4726
event_10,4749
event_10,4768
event_10,4790
event_10,4810
event_10,4829
event_10,4851
event_10,4872
event_10,4892
event_10,4914
event_10,4936
event_10,4957
event_10,4978
event_10,5000
event_10,5020
event_10,5042
event_10,5061
event_10,5080
event_10,5103
event_10,5124
event_10,5144
event_10,5166
event_10,5187
event_10,5209
event_10,5230
event_10,5251
event_10,5272
event_10,5294
event_10,5314
event_10,5333
event_10,5356
event_10,5376
event_10,5397
event_10,5419
event_10,5439
event_10,5462
event_10,5483
event_10,5504
event_10,5525
event_10,5546
event_10,5566
event_10,5586
event_10,5608
event_10,5628
event_10,5650
event_10,5671
event_10,5692
event_10,5715
event_10,5734
event_10,5755
event_10,5776
event_10,5796
event_10,5817
event_10,5836
event_10,5856
event_10,5878
event_10,5900
event_10,5920
event_10,5942
event_10,5964
event_10,5984
event_10,6007
event_10,6027
event_10,6048
event_10,6069
event_10,6088
event_10,6109
event_10,6130
event_10,6151
event_10,6172
event_10,6194
event_10,6215
event_10,6236
event_10,6259
event_10,6278
event_10,6300
event_10,6320
event_10,6339
event_10,6361
event_10,6382
event_10,6402
event_10,6424
event_10,6446
event_10,6467
event_10,6488
event_10,6510
event_10,6530
event_10,6552
event_10,6571
event_10,6591
event_10,6613
event_10,6634
event_10,6655
event_10,6677
event_10,6697
event_10,6720
event_10,6741
event_10,6762
event_10,6783
event_10,6804
event_10,6824
event_10,6843
event_10,6866
event_10,6885
event_10,6907
event_10,6929
event_10,6949
event_10,6972
event_10,6992
event_10,7014
event_10,7035
event_10,7055
event_10,7076
event_10,7095
event_10,7116
event_10,7137
event_10,7159
event_10,7180
event_10,7201
event_10,7224
event_10,7243
event_10,7266
event_10,7287
event_10,7306
event_10,7327
event_10,7346
event_10,7367
event_10,7388
event_10,7410
event_10,7430
event_10,7452
event_10,7474
event_10,7494
event_10,7517
event_10,7537
event_10,7558
event_10,7579
event_10,7598
event_2,2553
event_2,2616
event_2,2679
event_2,2743
event_2,2804
event_2,2867
event_2,2930
event_2,2990
event_2,3051
event_2,3114
event_2,3177
event_2,3241
event_2,3307
event_2,3366
event_2,3390
event_2,3429
event_2,3453
event_2,3473
event_2,3498
event_2,3517
event_2,3535
event_2,3559
event_2,3578
event_2,3597
event_2,3622
event_2,3641
event_2,3659
event_2,3684
event_2,3703
event_2,3723
event_2,3747
event_2,3767
event_2,3791
event_2,3810
event_2,3829
event_2,3853
event_2,3873
event_2,3892
event_2,3916
event_2,3936
event_2,3955
event_2,3980
event_2,4000
event_2,4019
event_2,4042
event_2,4071
event_2,4095
event_2,4115
event_2,4135
event_2,4158
event_2,4178
event_2,4202
event_2,4222
event_2,4242
event_2,4265
event_2,4285
event_2,4302
event_2,4321
event_2,4346
event_2,4365
event_2,4388
event_2,4408
event_2,4428
event_2,4453
event_2,4472
event_2,4492
event_2,4516
event_2,4535
event_2,4556
event_2,4577
event_2,4596
event_2,4616
event_2,4640
event_2,4660
event_2,4679
event_2,4704
event_2,4723
event_2,4748
event_2,4766
event_2,4785
event_2,4809
event_2,4827
event_2,4847
event_2,4870
event_2,4890
event_2,4910
event_2,4934
event_2,4954
event_2,4973
event_2,4998
event_2,5017
event_2,5040
event_2,5059
event_2,5078
event_2,5098
event_2,5122
event_2,5142
event_2,5161
event_2,5185
event_2,5205
event_2,5228
event_2,5249
event_2,5268
event_2,5291
event_2,5311
event_2,5330
event_2,5354
event_2,5374
event_2,5394
event_2,5417
event_2,5437
event_2,5457
event_2,5481
event_2,5501
event_2,5520
event_2,5539
event_2,5562
event_2,5581
event_2,5606
event_2,5625
event_2,5645
event_2,5669
event_2,5688
event_2,5713
event_2,5732
event_2,5752
event_2,5774
event_2,5788
event_2,5815
event_2,5834
event_2,5855
event_2,5874
event_2,5898
event_2,5918
event_2,5937
event_2,5962
event_2,5981
event_2,6005
event_2,6025
event_2,6040
event_2,6068
event_2,6086
event_2,6106
event_2,6125
event_2,6149
event_2,6169
event_2,6192
event_2,6213
event_2,6232
event_2,6257
event_2,6276
event_2,6295
event_2,6319
event_2,6337
event_2,6357
event_2,6380
event_2,6400
event_2,6420
event_2,6444
event_2,6464
event_2,6483
event_2,6508
event_2,6527
event_2,6550
event_2,6569
event_2,6588
event_2,6611
event_2,6631
event_2,6652
event_2,6670
event_2,6694
event_2,6715
event_2,6738
event_2,6759
event_2,6778
event_2,6802
event_2,6820
event_2,6839
event_2,6863
event_2,6883
event_2,6903
event_2,6926
event_2,6946
event_2,6969
event_2,6990
event_2,7010
event_2,7032
event_2,7053
event_2,7071
event_2,7090
event_2,7114
event_2,7134
event_2,7154
event_2,7178
event_2,7197
event_2,7221
event_2,7240
event_2,7261
event_2,7284
event_2,7303
event_2,7324
event_2,7343
event_2,7365
event_2,7384
event_2,7407
event_2,7428
event_2,7447
event_2,7472
event_2,7491
event_2,7511
event_2,7535
event_2,7554
event_2,7575
event_2,7596
event_3,4732
event_3,4732
event_3,4733
event_3,4828
event_3,4848
event_3,4871
event_3,4891
event_3,4911
event_3,4935
event_3,4955
event_3,4974
event_3,4999
event_3,5018
event_3,5041
event_3,5060
event_3,5079
event_3,5099
event_3,5123
event_3,5143
event_3,5162
event_3,5186
event_3,5206
event_3,5229
event_3,5250
event_3,5269
event_3,5292
event_3,5312
event_3,5331
event_3,5355
event_3,5375
event_3,5395
event_3,5418
event_3,5438
event_3,5458
event_3,5482
event_3,5502
event_3,5521
event_3,5540
event_3,5563
event_3,5582
event_3,5607
event_3,5626
event_3,5646
event_3,5670
event_3,5689
event_3,5714
event_3,5733
event_3,5753
event_3,5775
event_3,5789
event_3,5816
event_3,5835
event_3,5856
event_3,5875
event_3,5899
event_3,5919
event_3,5938
event_3,5963
event_3,5982
event_3,6006
event_3,6026
event_3,6041
event_3,6068
event_3,6087
event_3,6107
event_3,6126
event_3,6150
event_3,6170
event_3,6193
event_3,6214
event_3,6233
event_3,6258
event_3,6277
event_3,6296
event_3,6319
event_3,6338
event_3,6358
event_3,6381
event_3,6401
event_3,6421
event_3,6445
event_3,6465
event_3,6484
event_3,6509
event_3,6528
event_3,6551
event_3,6570
event_3,6590
event_3,6612
event_3,6633
event_3,6653
event_3,6671
event_3,6696
event_3,6716
event_3,6739
event_3,6760
event_3,6779
event_3,6803
event_3,6821
event_3,6840
event_3,6864
event_3,6884
event_3,6904
event_3,6927
event_3,6947
event_3,6970
event_3,6991
event_3,7011
event_3,7033
event_3,7054
event_3,7072
event_3,7091
event_3,7115
event_3,7135
event_3,7155
event_3,7179
event_3,7198
event_3,7222
event_3,7242
event_3,7262
event_3,7285
event_3,7304
event_3,7325
event_3,7344
event_3,7366
event_3,7385
event_3,7408
event_3,7429
event_3,7448
event_3,7473
event_3,7492
event_3,7512
event_3,7536
event_3,7555
event_3,7576
event_3,7597
event_4,2554
event_4,2617
event_4,2680
event_4,2744
event_4,2805
event_4,2868
event_4,2931
event_4,2967
event_4,2991
event_4,3052
event_4,3115
event_4,3178
event_4,3242
event_4,3308
event_4,3367
event_4,3430
event_4,3454
event_4,3499
event_4,3518
event_4,3560
event_4,3579
event_4,3623
event_4,3642
event_4,3685
event_4,3704
event_4,3748
event_4,3768
event_4,3811
event_4,3830
event_4,3874
event_4,3893
event_4,3937
event_4,3956
event_4,4001
event_4,4020
event_4,4061
event_4,4081
event_4,4125
event_4,4144
event_4,4187
event_4,4210
event_4,4252
event_4,4275
event_4,4311
event_4,4334
event_4,4373
event_4,4397
event_4,4437
event_4,4462
event_4,4501
event_4,4526
event_4,4562
event_4,4587
event_4,4625
event_4,4650
event_4,4688
event_4,4713
event_4,4733
event_4,4757
event_4,4777
event_4,4795
event_4,4818
event_4,4837
event_4,4858
event_4,4876
event_4,4900
event_4,4919
event_4,4944
event_4,4963
event_4,4983
event_4,5007
event_4,5027
event_4,5050
event_4,5069
event_4,5088
event_4,5107
event_4,5132
event_4,5151
event_4,5174
event_4,5195
event_4,5214
event_4,5239
event_4,5258
event_4,5278
event_4,5302
event_4,5321
event_4,5340
event_4,5365
event_4,5384
event_4,5403
event_4,5427
event_4,5447
event_4,5470
event_4,5491
event_4,5511
event_4,5534
event_4,5553
event_4,5572
event_4,5595
event_4,5615
event_4,5635
event_4,5659
event_4,5678
event_4,5698
event_4,5722
event_4,5742
event_4,5760
event_4,5784
event_4,5802
event_4,5826
event_4,5845
event_4,5864
event_4,5884
event_4,5908
event_4,5927
event_4,5947
event_4,5971
event_4,5991
event_4,6016
event_4,6035
event_4,6053
event_4,6077
event_4,6096
event_4,6116
event_4,6135
event_4,6159
event_4,6178
event_4,6203
event_4,6222
event_4,6242
event_4,6267
event_4,6286
event_4,6308
event_4,6328
event_4,6347
event_4,6366
event_4,6391
event_4,6410
event_4,6429
event_4,6454
event_4,6473
event_4,6493
event_4,6517
event_4,6537
event_4,6560
event_4,6579
event_4,6598
event_4,6622
event_4,6642
event_4,6661
event_4,6684
event_4,6705
event_4,6727
event_4,6749
event_4,6769
event_4,6791
event_4,6811
event_4,6830
event_4,6849
event_4,6873
event_4,6893
event_4,6915
event_4,6936
event_4,6956
event_4,6979
event_4,7000
event_4,7020
event_4,7042
event_4,7062
event_4,7081
event_4,7103
event_4,7124
event_4,7144
event_4,7166
event_4,7187
event_4,7207
event_4,7231
event_4,7251
event_4,7270
event_4,7294
event_4,7312
event_4,7331
event_4,7354
event_4,7375
event_4,7394
event_4,7418
event_4,7437
event_4,7457
event_4,7481
event_4,7501
event_4,7521
event_4,7544
event_4,7563
event_4,7587
event_5,2555
event_5,2681
event_5,2806
event_5,2932
event_5,4062
event_5,4188
event_5,4312
event_5,4375
event_5,4438
event_5,4502
event_5,4563
event_5,4626
event_5,4689
event_5,4758
event_5,4819
event_5,4838
event_5,4877
event_5,4901
event_5,4920
event_5,4945
event_5,4964
event_5,4984
event_5,5009
event_5,5028
event_5,5051
event_5,5070
event_5,5089
event_5,5108
event_5,5133
event_5,5152
event_5,5175
event_5,5196
event_5,5215
event_5,5240
event_5,5259
event_5,5279
event_5,5303
event_5,5322
event_5,5341
event_5,5366
event_5,5385
event_5,5404
event_5,5428
event_5,5448
event_5,5471
event_5,5492
event_5,5512
event_5,5535
event_5,5554
event_5,5573
event_5,5596
event_5,5616
event_5,5636
event_5,5660
event_5,5679
event_5,5699
event_5,5723
event_5,5743
event_5,5761
event_5,5785
event_5,5803
event_5,5827
event_5,5846
event_5,5865
event_5,5885
event_5,5909
event_5,5928
event_5,5948
event_5,5972
event_5,5992
event_5,6017
event_5,6036
event_5,6054
event_5,6078
event_5,6097
event_5,6117
event_5,6136
event_5,6160
event_5,6179
event_5,6204
event_5,6223
event_5,6243
event_5,6268
event_5,6287
event_5,6309
event_5,6329
event_5,6348
event_5,6367
event_5,6392
event_5,6411
event_5,6430
event_5,6455
event_5,6474
event_5,6494
event_5,6519
event_5,6538
event_5,6561
event_5,6580
event_5,6599
event_5,6623
event_5,6643
event_5,6662
event_5,6685
event_5,6706
event_5,6728
event_5,6750
event_5,6770
event_5,6792
event_5,6812
event_5,6831
event_5,6850
event_5,6874
event_5,6894
event_5,6916
event_5,6937
event_5,6957
event_5,6980
event_5,7001
event_5,7021
event_5,7043
event_5,7063
event_5,7082
event_5,7104
event_5,7125
event_5,7145
event_5,7167
event_5,7188
event_5,7208
event_5,7232
event_5,7252
event_5,7271
event_5,7295
event_5,7313
event_5,7332
event_5,7355
event_5,7376
event_5,7395
event_5,7419
event_5,7438
event_5,7458
event_5,7482
event_5,7502
event_5,7522
event_5,7546
event_5,7564
event_5,7588
event_6,2297
event_6,2335
event_6,2369
event_6,2399
event_6,2437
event_6,2466
event_6,2496
event_6,2520
event_6,2549
event_6,2582
event_6,2621
event_6,2651
event_6,2689
event_6,2718
event_6,2749
event_6,2772
event_6,2781
event_6,2800
event_6,2833
event_6,2853
event_6,2872
event_6,2902
event_6,2940
event_6,2954
event_6,2965
event_6,2990
event_6,3014
event_6,3047
event_6,3080
event_6,3114
event_6,3149
event_6,3182
event_6,3211
event_6,3242
event_6,3265
event_6,3298
event_6,3331
event_6,3365
event_6,3400
event_6,3433
event_6,3457
event_6,3487
event_6,3516
event_6,3549
event_6,3582
event_6,3616
event_6,3655
event_6,3683
event_6,3712
event_6,3748
event_6,3771
event_6,3805
event_6,3838
event_6,3867
event_6,3908
event_6,3935
event_6,3964
event_6,3994
event_6,4023
event_6,4055
event_6,4094
event_6,4124
event_6,4159
event_6,4186
event_6,4216
event_6,4241
event_6,4274
event_6,4306
event_6,4340
event_6,4374
event_6,4409
event_6,4436
event_6,4465
event_6,4496
event_6,4524
event_6,4551
event_6,4557
event_6,4590
event_6,4620
event_6,4659
event_6,4687
event_6,4716
event_6,4732
event_6,4747
event_6,4780
event_6,4808
event_6,4842
event_6,4871
event_6,4910
event_6,4944
event_6,4973
event_6,5003
event_6,5032
event_6,5059
event_6,5092
event_6,5122
event_6,5161
event_6,5194
event_6,5223
event_6,5254
event_6,5282
event_6,5311
event_6,5344
event_6,5374
event_6,5413
event_6,5446
event_6,5476
event_6,5506
event_6,5534
event_6,5562
event_6,5595
event_6,5625
event_6,5664
event_6,5693
event_6,5723
event_6,5752
event_6,5784
event_6,5816
event_6,5850
event_6,5879
event_6,5913
event_6,5942
event_6,5976
event_6,6006
event_6,6040
event_6,6067
event_6,6101
event_6,6130
event_6,6164
event_6,6193
event_6,6227
event_6,6257
event_6,6291
event_6,6318
event_6,6352
event_6,6381
event_6,6415
event_6,6444
event_6,6479
event_6,6508
event_6,6542
event_6,6569
event_6,6603
event_6,6632
event_6,6666
event_6,6695
event_6,6734
event_6,6764
event_6,6793
event_6,6825
event_6,6854
event_6,6888
event_6,6917
event_6,6946
event_6,6985
event_6,7015
event_6,7044
event_6,7076
event_6,7110
event_6,7139
event_6,7168
event_6,7202
event_6,7241
event_6,7272
event_6,7299
event_6,7326
event_6,7360
event_6,7389
event_6,7423
event_6,7452
event_6,7486
event_6,7516
event_6,7545
event_6,7577
event_6,7600
event_7,2299
event_7,2318
event_7,12601
event_7,2362
event_7,2381
event_7,2401
event_7,2425
event_7,2445
event_7,2469
event_7,2489
event_7,2508
event_7,2532
event_7,2551
event_7,2570
event_7,2595
event_7,2614
event_7,2633
event_7,2657
event_7,2677
event_7,2697
event_7,2721
event_7,2741
event_7,2765
event_7,2783
event_7,2802
event_7,2826
event_7,2846
event_7,2865
event_7,2884
event_7,2908
event_7,2928
event_7,2952
event_7,2968
event_7,2988
event_7,3012
event_7,3030
event_7,3049
event_7,3073
event_7,3092
event_7,3112
event_7,3136
event_7,3155
event_7,3175
event_7,3199
event_7,3219
event_7,3239
event_7,3263
event_7,3286
event_7,3305
event_7,3324
event_7,3344
event_7,3363
event_7,3387
event_7,3406
event_7,3426
event_7,3450
event_7,3470
event_7,3495
event_7,3514
event_7,3537
event_7,3556
event_7,3575
event_7,3595
event_7,3619
event_7,3638
event_7,3657
event_7,3681
event_7,3701
event_7,3725
event_7,3745
event_7,3764
event_7,3788
event_7,3807
event_7,3826
event_7,3845
event_7,3870
event_7,3889
event_7,3913
event_7,3933
event_7,3953
event_7,3977
event_7,3997
event_7,4016
event_7,4039
event_7,4058
event_7,4082
event_7,4102
event_7,4121
event_7,4140
event_7,4164
event_7,4184
event_7,4204
event_7,4228
event_7,4248
event_7,4272
event_7,4289
event_7,4308
event_7,4332
event_7,12601
event_7,4371
event_7,4390
event_7,4414
event_7,4434
event_7,4458
event_7,4478
event_7,4498
event_7,4522
event_7,4540
event_7,4559
event_7,4583
event_7,4602
event_7,4622
event_7,4646
event_7,4665
event_7,4685
event_7,4709
event_7,4729
event_7,4754
event_7,4773
event_7,4796
event_7,4815
event_7,4834
event_7,4854
event_7,4878
event_7,4897
event_7,4916
event_7,4941
event_7,4961
event_7,4980
event_7,5005
event_7,5024
event_7,5047
event_7,5066
event_7,5085
event_7,12601
event_7,5129
event_7,5148
event_7,5168
event_7,5192
event_7,5212
event_7,5236
event_7,5256
event_7,5275
event_7,5299
event_7,5318
event_7,5337
event_7,5357
event_7,5381
event_7,5400
event_7,5424
event_7,5444
event_7,5464
event_7,5488
event_7,5508
event_7,5527
event_7,5550
event_7,5569
event_7,5593
event_7,12601
event_7,5632
event_7,5651
event_7,5675
event_7,5695
event_7,5719
event_7,5739
event_7,5757
event_7,5781
event_7,5799
event_7,5818
event_7,5842
event_7,5861
event_7,5881
event_7,5905
event_7,5924
event_7,5944
event_7,5968
event_7,6000
event_7,6013
event_7,6032
event_7,6055
event_7,6074
event_7,6093
event_7,6113
event_7,6132
event_7,6156
event_7,6175
event_7,6195
event_7,6219
event_7,6239
event_7,6264
event_7,6283
event_7,6306
event_7,6325
event_7,6344
event_7,12601
event_7,6388
event_7,6407
event_7,6426
event_7,6451
event_7,6471
event_7,6490
event_7,6515
event_7,6534
event_7,6557
event_7,6576
event_7,6595
event_7,6614
event_7,6639
event_7,6658
event_7,6682
event_7,6702
event_7,6722
event_7,6746
event_7,6766
event_7,6785
event_7,6808
event_7,6827
event_7,6851
event_7,6871
event_7,6890
event_7,6909
event_7,6933
event_7,6953
event_7,6973
event_7,6997
event_7,7017
event_7,7041
event_7,7059
event_7,7078
event_7,7102
event_7,7121
event_7,7141
event_7,7160
event_7,7184
event_7,7204
event_7,7228
event_7,7248
event_7,7268
event_7,7291
event_7,7309
event_7,7328
event_7,7352
event_7,7372
event_7,7391
event_7,7415
event_7,7434
event_7,7454
event_7,7478
event_7,7498
event_7,7518
event_7,7542
event_7,7565
event_7,7584
event_7,7603
event_8,6081
event_8,6098
event_8,6118
event_8,6140
event_8,6161
event_8,6183
event_8,6205
event_8,6226
event_8,6247
event_8,6271
event_8,6288
event_8,6310
event_8,6332
event_8,6349
event_8,6370
event_8,6392
event_8,6412
event_8,6434
event_8,6456
event_8,6475
event_8,6498
event_8,6520
event_8,6539
event_8,6562
event_8,6583
event_8,6602
event_8,6622
event_8,6644
event_8,6666
event_8,6686
event_8,6707
event_8,6730
event_8,6751
event_8,6774
event_8,6793
event_8,6813
event_8,6834
event_8,6853
event_8,6875
event_8,6894
event_8,6916
event_8,6937
event_8,6957
event_8,6980
event_8,7001
event_8,7024
event_8,7043
event_8,7063
event_8,7087
event_8,7105
event_8,7123
event_8,7144
event_8,7168
event_8,7187
event_8,7208
event_8,7231
event_8,7251
event_8,7273
event_8,7293
event_8,7316
event_8,7337
event_8,7355
event_8,7376
event_8,7395
event_8,7417
event_8,7439
event_8,7459
event_8,7481
event_8,7500
event_8,7527
event_8,7546
event_8,7568
event_8,7591
event_8,7607
event_9,2308
event_9,2327
event_9,2344
event_9,2367
event_9,2389
event_9,2409
event_9,2432
event_9,2452
event_9,2476
event_9,2497
event_9,2515
event_9,2537
event_9,2561
event_9,2580
event_9,2600
event_9,2621
event_9,2641
event_9,2664
event_9,2685
event_9,2706
event_9,2729
event_9,2750
event_9,2770
event_9,2790
event_9,2814
event_9,2834
event_9,2852
event_9,2873
event_9,2894
event_9,2916
event_9,2937
event_9,2955
event_9,2978
event_9,2998
event_9,3017
event_9,3038
event_9,3061
event_9,3082
event_9,3099
event_9,3120
event_9,3143
event_9,3165
event_9,3185
event_9,3207
event_9,3229
event_9,3251
event_9,3270
event_9,3290
event_9,3314
event_9,3334
event_9,3352
event_9,3373
event_9,3394
event_9,3414
event_9,3436
event_9,3457
event_9,3479
event_9,3502
event_9,3521
event_9,3541
event_9,3565
event_9,3583
event_9,3602
event_9,3624
event_9,3644
event_9,3666
event_9,3688
event_9,3709
event_9,3732
event_9,3753
event_9,3774
event_9,3795
event_9,3819
event_9,3839
event_9,3858
event_9,3878
event_9,3897
event_9,3917
event_9,3940
event_9,3961
event_9,3982
event_9,4005
event_9,4025
event_9,4046
event_9,4070
event_9,4086
event_9,4109
event_9,4129
event_9,4148
event_9,4172
event_9,4192
event_9,4213
event_9,4236
event_9,4257
event_9,4277
event_9,4297
event_9,4320
event_9,4337
event_9,4358
event_9,4378
event_9,4400
event_9,4422
event_9,4442
event_9,4466
event_9,4486
event_9,4507
event_9,4527
event_9,4548
event_9,4571
event_9,4588
event_9,4610
event_9,4630
event_9,4651
event_9,4673
event_9,4694
event_9,4716
event_9,4738
event_9,4762
event_9,4780
event_9,4801
event_9,4824
event_9,4842
event_9,4861
event_9,4883
event_9,4905
event_9,4924
event_9,4946
event_9,4968
event_9,4989
event_9,5013
event_9,5032
event_9,5052
event_9,5075
event_9,5094
event_9,5112
event_9,5137
event_9,5157
event_9,5177
event_9,5197
event_9,5221
event_9,5241
event_9,5264
event_9,5283
event_9,5304
event_9,5327
event_9,5346
event_9,5367
event_9,5386
event_9,5408
event_9,5429
event_9,5453
event_9,5472
event_9,5496
event_9,5516
event_9,5537
event_9,5558
event_9,5579
event_9,5598
event_9,5617
event_9,5639
event_9,5660
event_9,5682
event_9,5703
event_9,5724
event_9,5746
event_9,5766
event_9,5786
event_9,5807
event_9,5831
event_9,5847
event_9,5868
event_9,5890
event_9,5912
event_9,5931
event_9,5953
event_9,5975
event_9,6006
event_9,6021
event_9,6039
event_9,6059
event_9,6082
event_9,6100
event_9,6120
event_9,6141
event_9,6163
event_9,6187
event_9,6207
event_9,6227
event_9,6252
event_9,6273
event_9,6291
event_9,6311
event_9,6338
event_9,6356
event_9,6373
event_9,6398
event_9,6416
event_9,6436
event_9,6459
event_9,6478
event_9,6499
event_9,6522
event_9,6541
event_9,6564
event_9,6585
event_9,6603
event_9,6623
event_9,6646
event_9,6667
event_9,6687
event_9,6709
event_9,6731
event_9,6753
event_9,6775
event_9,6794
event_9,6815
event_9,6835
event_9,6854
event_9,12601
event_9,6895
event_9,6917
event_9,6938
event_9,6958
event_9,6981
event_9,7002
event_9,7025
event_9,7044
event_9,7064
event_9,7086
event_9,7104
event_9,7124
event_9,7145
event_9,7167
event_9,7188
event_9,7209
event_9,7232
event_9,7252
event_9,7276
event_9,7294
event_9,7314
event_9,7336
event_9,7354
event_9,7375
event_9,7396
event_9,7418
event_9,7438
event_9,7461
event_9,7482
event_9,7502
event_9,7526
event_9,7545
event_9,7567
event_9,7588
event_9,7606
